,atks_star,defs_star,home,sd_atk,sd_def,intercept,atks,defs
0,2137.5364083039535,1435.4560651305399,4539.8931886518185,2800.3482203946596,2545.074300999948,4628.126660805266,6264.414902735188,6617.090844141445
1,2059.4746301760224,1436.0555505490681,4539.8931886518185,2800.3482203946596,2545.074300999948,4628.126660805266,6771.0645900904,6847.686573856098
2,2151.30664813867,1428.6979861340258,4539.8931886518185,2800.3482203946596,2545.074300999948,4628.126660805266,7547.299947111105,6553.599733181057
3,2084.2452578978146,1440.0432274245015,4539.8931886518185,2800.3482203946596,2545.074300999948,4628.126660805266,7236.291888580656,6743.3040065396945
4,2242.8321632152138,1416.2617490551697,4539.8931886518185,2800.3482203946596,2545.074300999948,4628.126660805266,6744.601492845915,6627.3273840585325
5,2088.8508939306043,1438.8350415710568,4539.8931886518185,2800.3482203946596,2545.074300999948,4628.126660805266,6886.6561917388,6435.116589759884
